batch_size,elapsed_ms,mean_pair_latency_ms,throughput_pairs_per_second
1,42.286750045605004,42.13625000556931,23.648069405228107
2,87.48491603182629,43.57733347569592,22.86108383841183
4,182.46520799584687,45.44804173929151,21.921987451388787
