{
  "methodology": {
    "timer": "time.perf_counter",
    "warmup_calls": 1,
    "single_pair_repeats": 3,
    "batch_sizes": [
      1,
      2,
      4
    ],
    "pair_source": "outputs/pairs/test_pairs.csv"
  },
  "environment": {
    "python": "3.11.0 (v3.11.0:deaf509e8f, Oct 24 2022, 14:43:23) [Clang 13.0.0 (clang-1300.0.29.30)]",
    "platform": "macOS-15.2-arm64-arm-64bit",
    "machine": "arm64",
    "processor": "arm",
    "embedding": {
      "backend": "inceptionresnetv1",
      "pretrained": "vggface2",
      "device": "cpu",
      "dimension": 512,
      "normalize": true,
      "normalization_value": 255.0,
      "preprocess_size": [
        160,
        160
      ],
      "spatial_size": [
        32,
        32
      ],
      "grid_size": [
        4,
        4
      ],
      "frequency_block": [
        8,
        8
      ]
    },
    "torch": {
      "torch_version": "2.11.0",
      "cuda_available": false,
      "cuda_device_count": 0
    }
  },
  "single_pair_stage_latency_ms": {
    "preprocessing": {
      "mean_ms": 1.0547360288910568,
      "median_ms": 1.0330830118618906,
      "p95_ms": 1.120000029914081,
      "min_ms": 1.0111250448971987,
      "max_ms": 1.120000029914081
    },
    "embedding_generation": {
      "mean_ms": 43.20420833149304,
      "median_ms": 44.307207979727536,
      "p95_ms": 44.61716703372076,
      "min_ms": 40.68824998103082,
      "max_ms": 44.61716703372076
    },
    "similarity_scoring": {
      "mean_ms": 0.022597669158130884,
      "median_ms": 0.022209016606211662,
      "p95_ms": 0.024541979655623436,
      "min_ms": 0.021042011212557554,
      "max_ms": 0.024541979655623436
    },
    "threshold_decision": {
      "mean_ms": 0.0007496758674581846,
      "median_ms": 0.0007500057108700275,
      "p95_ms": 0.0007909839041531086,
      "min_ms": 0.0007080379873514175,
      "max_ms": 0.0007909839041531086
    },
    "confidence_computation": {
      "mean_ms": 0.003986021814246972,
      "median_ms": 0.00400003045797348,
      "p95_ms": 0.004125002305954695,
      "min_ms": 0.0038330326788127422,
      "max_ms": 0.004125002305954695
    },
    "total": {
      "mean_ms": 44.28691700256119,
      "median_ms": 45.45712500112131,
      "p95_ms": 45.65604199888185,
      "min_ms": 41.747584007680416,
      "max_ms": 45.65604199888185
    },
    "combined_scoring": {
      "mean_ms": 0.027333366839836042,
      "median_ms": 0.027084024623036385,
      "p95_ms": 0.029165996238589287,
      "min_ms": 0.025750079657882452,
      "max_ms": 0.029165996238589287
    }
  },
  "batch_size_sensitivity": [
    {
      "batch_size": 1,
      "elapsed_ms": 42.286750045605004,
      "mean_pair_latency_ms": 42.13625000556931,
      "throughput_pairs_per_second": 23.648069405228107
    },
    {
      "batch_size": 2,
      "elapsed_ms": 87.48491603182629,
      "mean_pair_latency_ms": 43.57733347569592,
      "throughput_pairs_per_second": 22.86108383841183
    },
    {
      "batch_size": 4,
      "elapsed_ms": 182.46520799584687,
      "mean_pair_latency_ms": 45.44804173929151,
      "throughput_pairs_per_second": 21.921987451388787
    }
  ]
}