repeat,preprocessing,embedding_generation,similarity_scoring,threshold_decision,confidence_computation,total,combined_scoring
1,1.0111250448971987,44.61716703372076,0.022209016606211662,0.0007500057108700275,0.004125002305954695,45.65604199888185,0.027084024623036385
2,1.0330830118618906,40.68824998103082,0.021042011212557554,0.0007080379873514175,0.00400003045797348,41.747584007680416,0.025750079657882452
3,1.120000029914081,44.307207979727536,0.024541979655623436,0.0007909839041531086,0.0038330326788127422,45.45712500112131,0.029165996238589287
