metric,baseline,improved,delta
selected_threshold,0.7,0.7,0.0
train_accuracy,0.5448333333333333,0.5515,0.00666666666666671
val_accuracy,0.5753333333333334,0.5707656612529002,-0.004567672080433183
test_accuracy,0.564,0.5483333333333333,-0.015666666666666607
false_positives_rate,0.25183333333333335,0.25183333333333335,0.0
false_negatives_rate,0.18416666666666667,0.19983333333333334,0.015666666666666662
